709a4003-af7d-4b2c-aa72-138268c9ecac,2013年9月份全国彩票销售情况,Add_GMOF_CaiPiao_List,./201310/t20131021_1001153.html
1af0f1ec-da84-49a7-b4ea-b49df56bf1a4,2017年11月份全国彩票销售情况,Add_GMOF_CaiPiao_List,./201712/t20171221_2786493.html
b63a89c4-d364-4274-ab9b-63af9a696980,2017年10月份全国彩票销售情况,Add_GMOF_CaiPiao_List,./201711/t20171120_2754093.html
7f142f0b-5323-451c-9877-003fac640490,2017年9月份全国彩票销售情况,Add_GMOF_CaiPiao_List,./201710/t20171027_2736071.html
10dd879b-7bba-45f6-bd79-64503793a77f,2017年8月份全国彩票销售情况,Add_GMOF_CaiPiao_List,./201709/t20170921_2706318.html
afaa0316-c336-456e-a0d4-ba7d80c3bc88,2017年7月份全国彩票销售情况,Add_GMOF_CaiPiao_List,./201708/t20170828_2685423.html
91cfcaeb-4bbc-459d-8146-eb7a2867c62b,2017年6月份全国彩票销售情况,Add_GMOF_CaiPiao_List,./201707/t20170721_2655260.html
c6e17ec9-f375-421d-8e27-c9dc9cf8bbee,2015年7月份全国彩票销售情况,Add_GMOF_CaiPiao_List,./201508/t20150824_1432403.html
de68ab0c-df5c-403c-af11-52be1398fa3d,2015年6月份全国彩票销售情况,Add_GMOF_CaiPiao_List,./201507/t20150728_1385990.html
f7b77f9b-0fcd-4f3c-9f6d-c72934f871ef,2015年5月份全国彩票销售情况,Add_GMOF_CaiPiao_List,./201506/t20150630_1263056.html
31a669b0-7b23-412b-a7c6-7d13106d4bb7,2015年4月份全国彩票销售情况,Add_GMOF_CaiPiao_List,./201506/t20150604_1252161.html
14762e0a-347a-4e3c-8d37-b37e05f0b916,2014年8月份全国彩票销售情况,Add_GMOF_CaiPiao_List,./201409/t20140915_1139367.html
e9bd3d25-43a8-4168-a60e-45bce0fec873,2014年7月份全国彩票销售情况,Add_GMOF_CaiPiao_List,./201408/t20140826_1131329.html
dd97ede0-f4ed-4787-a523-13e24b095ec7,2014年6月份全国彩票销售情况,Add_GMOF_CaiPiao_List,./201407/t20140714_1112864.html
d596db48-b18e-453f-a551-45da9f9ffbb4,2014年5月份全国彩票销售情况,Add_GMOF_CaiPiao_List,./201406/t20140613_1098851.html
cda29d6c-830e-426d-b6c1-6ee2b3388739,2014年4月份全国彩票销售情况,Add_GMOF_CaiPiao_List,./201405/t20140527_1084467.html
e9884427-f2ca-4357-a81f-39db5707597d,2013年8月份全国彩票销售情况,Add_GMOF_CaiPiao_List,./201310/t20131008_995784.html
88e66206-a464-40b2-85fb-36de3e65c0f5,2013年7月份全国彩票销售情况,Add_GMOF_CaiPiao_List,./201308/t20130816_978732.html
2c99e681-110c-4405-aaae-9dc3ae4930c9,2013年6月份全国彩票销售情况,Add_GMOF_CaiPiao_List,./201307/t20130711_961505.html
0b115566-8402-46ba-bdc4-a822189e3156,2013年5月份全国彩票销售情况,Add_GMOF_CaiPiao_List,./201306/t20130613_917758.html
ccc85a64-7d7b-4786-8656-aa5b87fb8f0c,2013年4月份全国彩票销售情况,Add_GMOF_CaiPiao_List,./201305/t20130515_870199.html
a0eeb9bb-5504-43aa-9bfd-545fea70ad17,2013年3月份全国彩票销售情况,Add_GMOF_CaiPiao_List,./201304/t20130415_824890.html
75454e92-838f-4629-a61a-18dd40a4907f,2013年2月份全国彩票销售情况,Add_GMOF_CaiPiao_List,./201303/t20130318_780590.html
697d9781-9f74-4e77-8dfc-0827d41ec81c,2013年1月份全国彩票销售情况,Add_GMOF_CaiPiao_List,./201302/t20130221_734161.html
25e02cb3-5458-41c2-9770-8ff7c4fed3be,2012年12月份全国彩票销售情况,Add_GMOF_CaiPiao_List,./201301/t20130111_727675.html
a9b0390c-a0cf-4d63-b209-f7d52d835a6b,2012年11月份全国彩票销售情况,Add_GMOF_CaiPiao_List,./201212/t20121220_718375.html
80214d5c-68d5-44d8-bd7c-5fddce70efce,2012年10月份全国彩票销售情况,Add_GMOF_CaiPiao_List,./201211/t20121120_699807.html
36af017b-3347-41a6-b865-3fe352784da8,2012年9月份全国彩票销售情况,Add_GMOF_CaiPiao_List,./201210/t20121017_688187.html
a8118e76-9920-4d25-b7ec-f26769a0e25f,2012年8月份全国彩票销售情况,Add_GMOF_CaiPiao_List,./201209/t20120921_684112.html
6d7006b0-8a06-4597-9801-03e6ea18c481,2012年7月份全国彩票销售情况,Add_GMOF_CaiPiao_List,./201208/t20120817_676201.html
1743e4ee-2a0a-4f6a-a81d-ea46131ac652,2012年6月份全国彩票销售情况,Add_GMOF_CaiPiao_List,./201207/t20120718_667433.html
9bc3b593-55ae-4edc-b0e6-65cc9696b9ba,2014年3月份全国彩票销售情况,Add_GMOF_CaiPiao_List,./201404/t20140416_1068234.html
7f48a2d4-8cd7-40a1-9dae-3b8645058df6,2014年2月份全国彩票销售情况,Add_GMOF_CaiPiao_List,./201403/t20140317_1056050.html
8ce9a936-0150-4925-8556-4a6213eb5290,2014年1月份全国彩票销售情况,Add_GMOF_CaiPiao_List,../../zhengwuxinxi/zhengcefabu/201402/t20140226_1047207.html
ba86048f-7718-4bf4-a0fa-38e3db939913,2008年8月份全国彩票销售情况,Add_GMOF_CaiPiao_List,./200809/t20080928_79679.html
ecfa6b5a-4014-4d82-ba94-fd150b0fa968,2015年3月份全国彩票销售情况,Add_GMOF_CaiPiao_List,./201504/t20150421_1219918.html
63f38f33-1ffb-4be8-adfc-b31580f04188,2015年2月份全国彩票销售情况,Add_GMOF_CaiPiao_List,./201503/t20150320_1204851.html
21385990-2eda-4f6b-acc4-2d80075cdc96,2015年1月份全国彩票销售情况,Add_GMOF_CaiPiao_List,./201703/t20170329_2570551.html
3dc5cbdb-a94b-479e-a91f-427b1a255701,2014年12月份全国彩票销售情况,Add_GMOF_CaiPiao_List,./201501/t20150120_1182027.html
a2fbc989-ac5d-4a5b-a4ba-8507aee04d7c,2014年11月份全国彩票销售情况,Add_GMOF_CaiPiao_List,./201412/t20141216_1167983.html
dbc82242-a6df-4f72-933e-aad07c3fd190,2014年10月份全国彩票销售情况,Add_GMOF_CaiPiao_List,./201411/t20141126_1160665.html
6a8557c9-df3b-4b88-9611-57d10107d35b,2014年9月份全国彩票销售情况,Add_GMOF_CaiPiao_List,./201410/t20141022_1153759.html
d22d2d46-99e2-4a7c-88e6-b98b94982ccf,2013年12月份全国彩票销售情况,Add_GMOF_CaiPiao_List,../../zhengwuxinxi/zhengcefabu/201401/t20140114_1035526.html
b0406b6e-cb9c-4a34-85b9-58ae180431eb,2013年11月份全国彩票销售情况,Add_GMOF_CaiPiao_List,./201312/t20131217_1025917.html
43d51b88-c066-4926-9619-36eebe37adb7,2013年10月份全国彩票销售情况,Add_GMOF_CaiPiao_List,./201311/t20131114_1012079.html
69f74ab0-da13-418e-b108-01bd83c5dcff,2013年9月份全国彩票销售情况,Add_GMOF_CaiPiao_List,./201310/t20131021_1001153.html
b7f08894-c357-4ad6-9217-7ef693fed83c,2010年12月份全国彩票销售情况,Add_GMOF_CaiPiao_List,./201101/t20110112_410871.html
a4940b24-c4b9-43a8-8f36-89481bc6be84,2010年11月份全国彩票销售情况,Add_GMOF_CaiPiao_List,./201012/t20101217_376766.html
ea68ac0a-8bb8-4d48-9dc5-2711bdbf0dbc,2010年10月份全国彩票销售情况,Add_GMOF_CaiPiao_List,./201011/t20101125_357288.html
a97b526a-f15d-4444-a7a0-f0d928f2ab72,2010年9月份全国彩票销售情况,Add_GMOF_CaiPiao_List,./201010/t20101029_345256.html
33aef2ce-2d65-4a92-ab6a-2601ce589b17,2011年4月份全国彩票销售情况,Add_GMOF_CaiPiao_List,./201105/t20110525_553048.html
35d9c3c2-33e2-44f0-b681-136adc43105e,2010年8月份全国彩票销售情况,Add_GMOF_CaiPiao_List,./201009/t20100925_340354.html
de2148aa-fae9-45cf-ba80-740c8d307528,2010年7月份全国彩票销售情况,Add_GMOF_CaiPiao_List,./201008/t20100830_336272.html
6b2c44e0-f580-445a-8485-99d7451fb0a1,2010年6月份全国彩票销售情况,Add_GMOF_CaiPiao_List,./201007/t20100720_328720.html
cfcc8bd1-6b7f-4714-b507-97d590cc587d,2010年5月份全国彩票销售情况,Add_GMOF_CaiPiao_List,./201006/t20100613_322835.html
cf499f5c-c2b8-4ff2-ace9-c743cb52d465,2010年4月份全国彩票销售情况,Add_GMOF_CaiPiao_List,./201005/t20100514_292023.html
17496f02-3847-4045-b67d-8ee08ba46ee4,2010年3月份全国彩票销售情况,Add_GMOF_CaiPiao_List,./201004/t20100430_290270.html
0826b1c1-12cf-4f5c-8516-59fd9c3e64e0,2010年2月份全国彩票销售情况,Add_GMOF_CaiPiao_List,./201003/t20100330_282191.html
d362ef4b-16db-4c13-ade6-d83e66b75f61,2010年1月份全国彩票销售情况,Add_GMOF_CaiPiao_List,./201003/t20100329_281567.html
0a28b2c9-1863-4409-9978-f5071e141bb8,2009年12月份全国彩票销售情况,Add_GMOF_CaiPiao_List,./201001/t20100122_262949.html
75d5b790-39c5-4be7-80a8-9ae26de015cf,2009年11月份全国彩票销售情况,Add_GMOF_CaiPiao_List,./200912/t20091230_254338.html
5b7369c0-bba4-4294-9984-9d7dd1d7f7d9,2009年10月份全国彩票销售情况,Add_GMOF_CaiPiao_List,./200911/t20091127_237538.html
a47d1f18-145f-4d2c-84e3-dd7feed2f2fc,2009年9月份全国彩票销售情况,Add_GMOF_CaiPiao_List,./200910/t20091022_222437.html
b7d8c676-9570-44f3-bef6-630fa74de7ad,2012年5月份全国彩票销售情况,Add_GMOF_CaiPiao_List,./201206/t20120620_661127.html
a128acb6-1fff-4495-a649-68986d9bc06e,2009年8月份全国彩票销售情况,Add_GMOF_CaiPiao_List,./200909/t20090927_212890.html
4c6bf61f-f848-4e28-bfa0-6640af1ab6a8,2012年4月份全国彩票销售情况,Add_GMOF_CaiPiao_List,./201205/t20120521_652451.html
f38d6f2e-98db-49c0-b0c8-b2cac49d7fc5,2012年3月份全国彩票销售情况,Add_GMOF_CaiPiao_List,./201204/t20120417_643575.html
eb5016db-b6f3-4260-b850-47d6174f5f45,2012年2月份全国彩票销售情况,Add_GMOF_CaiPiao_List,./201203/t20120327_637990.html
862b02ad-095a-4430-9495-44a5742a03d4,2012年1月份全国彩票销售情况,Add_GMOF_CaiPiao_List,./201202/t20120224_630654.html
02675346-53b8-4708-98b1-05a2751f2f80,2011年12月份全国彩票销售情况,Add_GMOF_CaiPiao_List,./201201/t20120113_623249.html
f11a56e7-9d3b-4294-80fc-3d1e5885769e,2011年11月份全国彩票销售情况,Add_GMOF_CaiPiao_List,./201112/t20111221_617870.html
5812823b-28a8-4f8c-8fd4-7e1176a56d28,2011年10月份全国彩票销售情况,Add_GMOF_CaiPiao_List,./201111/t20111122_609392.html
d1b73ae5-b5d0-46eb-9278-d37ad39a437d,2011年9月份全国彩票销售情况,Add_GMOF_CaiPiao_List,./201110/t20111020_600899.html
ae8077b2-7dab-43a0-a72c-01724547433e,2009年7月份全国彩票销售情况,Add_GMOF_CaiPiao_List,./200908/t20090825_198336.html
3b3c2f2e-acb4-4022-9596-e40565f12282,2009年6月份全国彩票销售情况,Add_GMOF_CaiPiao_List,./200907/t20090729_188276.html
e578aa3f-0bf4-4e9e-bc9a-f85223097205,2011年8月份全国彩票销售情况,Add_GMOF_CaiPiao_List,./201109/t20110927_596736.html
d3919749-e86a-4a8b-ad01-c39b1f75decb,2009年5月份全国彩票销售情况,Add_GMOF_CaiPiao_List,./200907/t20090710_181486.html
333a5478-25a2-42ec-acee-0ad42decc5b1,2011年7月份全国彩票销售情况,Add_GMOF_CaiPiao_List,./201108/t20110829_589371.html
c474bb9f-6c47-416d-8b81-f4df34dfbbb6,2011年6月份全国彩票销售情况,Add_GMOF_CaiPiao_List,./201107/t20110720_578264.html
32bbd972-311a-468d-811f-811082d64d49,2009年4月份全国彩票销售情况,Add_GMOF_CaiPiao_List,./200906/t20090609_165081.html
d62cc788-6579-4dda-91d3-0ac87db60677,2011年5月份全国彩票销售情况,Add_GMOF_CaiPiao_List,./201106/t20110617_562796.html
05727880-9b0a-4043-904c-16f1173ca5bb,2009年3月份全国彩票销售情况,Add_GMOF_CaiPiao_List,./200904/t20090416_133451.html
50ae48ad-49ed-443e-a39c-6f9d8b8a0e39,2011年3月份全国彩票销售情况,Add_GMOF_CaiPiao_List,./201104/t20110418_537815.html
7f16a10d-f410-404b-8787-4f53c09d66a0,2009年2月份全国彩票销售情况,Add_GMOF_CaiPiao_List,./200903/t20090317_123627.html
d4149f66-22e3-44f5-8a0b-2ea645b35e99,2011年2月份全国彩票销售情况,Add_GMOF_CaiPiao_List,./201103/t20110325_515338.html
9f8f3b4b-bd33-44c6-841b-114858a3bba8,2009年1月份全国彩票销售情况,Add_GMOF_CaiPiao_List,./200903/t20090302_117923.html
80a23748-f1ce-47a8-8100-009f3631bbb7,2011年1月份全国彩票销售情况,Add_GMOF_CaiPiao_List,./201103/t20110303_472169.html
5ab23fe4-65d0-4178-9922-4a9ee1f89759,2008年12月份全国彩票销售情况,Add_GMOF_CaiPiao_List,./200903/t20090302_117922.html
f54205c7-b65e-4780-8001-e31f25ed03e6,2008年11月份全国彩票销售情况,Add_GMOF_CaiPiao_List,./200903/t20090302_117896.html
d8ed07a1-7e3c-4bc4-883e-f3b1b09bf36c,2008年10月份全国彩票销售情况,Add_GMOF_CaiPiao_List,./200811/t20081127_92827.html
12152877-edfc-4e17-bd0e-6dde6832b8c3,2016年5月份全国彩票销售情况,Add_GMOF_CaiPiao_List,./201607/t20160701_2343966.html
554dfa3c-dcc6-4b46-8644-b29c73127425,2016年4月份全国彩票销售情况,Add_GMOF_CaiPiao_List,./201605/t20160526_2018647.html
6b5796da-1588-4a30-ac7b-75128b28c661,2016年3月份全国彩票销售情况,Add_GMOF_CaiPiao_List,./201605/t20160525_2015168.html
a1cb99fa-b672-43f9-b201-1e58e87b0175,2016年2月份全国彩票销售情况,Add_GMOF_CaiPiao_List,./201603/t20160325_1924503.html
b6dd3b70-58ab-4b49-a33d-141c012e96b2,2016年1月份全国彩票销售情况,Add_GMOF_CaiPiao_List,./201603/t20160310_1900028.html
98fa06e0-4f9a-4f1e-81c3-023ca3b195ef,2015年12月份全国彩票销售情况,Add_GMOF_CaiPiao_List,./201601/t20160121_1652811.html
2497a721-a720-4fad-abd5-20f462171e39,2015年11月份全国彩票销售情况,Add_GMOF_CaiPiao_List,./201601/t20160104_1643366.html
b0e98a1a-ca64-4fe4-90f5-8f7ccb772d78,2015年10月份全国彩票销售情况,Add_GMOF_CaiPiao_List,./201512/t20151201_1591523.html
05a9ceb5-b22b-4896-8d11-689dcc91b70b,2015年9月份全国彩票销售情况,Add_GMOF_CaiPiao_List,./201511/t20151111_1554671.html
24b31d7e-95d1-40a5-9bff-12c11571ffd7,2015年8月份全国彩票销售情况,Add_GMOF_CaiPiao_List,./201509/t20150925_1477078.html
db3a42e6-f34c-4192-8cfa-f2239f7d0ff2,2017年5月份全国彩票销售情况,Add_GMOF_CaiPiao_List,./201706/t20170626_2631411.html
2d6392c0-f195-4994-ac9a-77aa11e27ed7,2017年4月份全国彩票销售情况,Add_GMOF_CaiPiao_List,./201705/t20170522_2605946.html
9aec1eb5-b791-4116-979c-679b036ca443,2017年3月份全国彩票销售情况,Add_GMOF_CaiPiao_List,http://www.mof.gov.cn/gp/xxgkml/zhs/201704/t20170419_2583470.html
912b8df8-525e-4ee3-a920-133952d96d45,2017年2月份全国彩票销售情况,Add_GMOF_CaiPiao_List,./201703/t20170330_2571828.html
c334aff6-57dd-4010-a357-844b1c5d702e,2017年1月份全国彩票销售情况,Add_GMOF_CaiPiao_List,./201702/t20170224_2541727.html
d3bf9994-9ed0-46d4-875d-2ada456b3eb1,2016年12月份全国彩票销售情况,Add_GMOF_CaiPiao_List,./201701/t20170122_2525205.html
4150d230-2e71-4ee5-b2e6-70ff1065cac5,2016年11月份全国彩票销售情况,Add_GMOF_CaiPiao_List,./201612/t20161223_2495796.html
3ba29a04-3ffc-4250-a8bc-141cdc5dd654,2016年10月份全国彩票销售情况,Add_GMOF_CaiPiao_List,./201611/t20161122_2463889.html
91e90520-abeb-4cb6-aab4-731c9b992ffb,2016年9月份全国彩票销售情况,Add_GMOF_CaiPiao_List,./201610/t20161026_2443487.html
58321d2b-7638-4e5f-80fd-6fc07d8785b9,2016年8月份全国彩票销售情况,Add_GMOF_CaiPiao_List,./201609/t20160923_2425590.html
6ec6e260-e86c-479a-9768-75b208c29ad4,2016年7月份全国彩票销售情况,Add_GMOF_CaiPiao_List,./201609/t20160920_2423131.html
84cacf87-a1c2-417f-bb8d-bdcbf0cef48c,2016年6月份全国彩票销售情况,Add_GMOF_CaiPiao_List,./201608/t20160802_2370908.html
