bcaef672-4b4d-4fa1-8fb4-ff342ab42aee,2017年11月份全国彩票销售情况,Add_GMOF_CaiPiao_List,./201712/t20171221_2786493.html
d952ec7b-7e0b-4422-9d8a-6631ce307abb,2017年10月份全国彩票销售情况,Add_GMOF_CaiPiao_List,./201711/t20171120_2754093.html
b5c8a255-2dae-4ff7-98f6-418038a18c5c,2017年9月份全国彩票销售情况,Add_GMOF_CaiPiao_List,./201710/t20171027_2736071.html
2d51c40a-17a3-426c-b27b-00962cbd4ef0,2017年8月份全国彩票销售情况,Add_GMOF_CaiPiao_List,./201709/t20170921_2706318.html
ae31a632-fd42-459f-a3bd-7eac544be6d8,2017年7月份全国彩票销售情况,Add_GMOF_CaiPiao_List,./201708/t20170828_2685423.html
8ba9b821-a551-49ed-89c8-479f7f060362,2017年6月份全国彩票销售情况,Add_GMOF_CaiPiao_List,./201707/t20170721_2655260.html
c1a42291-b880-425b-a0c3-4383bbac19a8,2017年11月份全国彩票销售情况,Add_GMOF_CaiPiao_List,./201712/t20171221_2786493.html
4f25ad71-e501-4820-b7e1-451ba859a2e5,2017年10月份全国彩票销售情况,Add_GMOF_CaiPiao_List,./201711/t20171120_2754093.html
f3206a50-b2a1-46d9-afbc-c7696abf7f4d,2017年9月份全国彩票销售情况,Add_GMOF_CaiPiao_List,./201710/t20171027_2736071.html
c1853480-0ac8-4117-8118-fc50a7ca5c62,2017年8月份全国彩票销售情况,Add_GMOF_CaiPiao_List,./201709/t20170921_2706318.html
40ade622-02c1-4764-b8e7-378046c891ef,2017年7月份全国彩票销售情况,Add_GMOF_CaiPiao_List,./201708/t20170828_2685423.html
9166193b-8b85-40b7-8113-2cdd9a134df0,2017年6月份全国彩票销售情况,Add_GMOF_CaiPiao_List,./201707/t20170721_2655260.html
4ee94404-f7b7-4e19-a8bc-a12ac48d4232,2017年11月份全国彩票销售情况,Add_GMOF_CaiPiao_List,./201712/t20171221_2786493.html
5d9df9fd-da6f-49b3-9371-abafe2a954d2,2017年10月份全国彩票销售情况,Add_GMOF_CaiPiao_List,./201711/t20171120_2754093.html
4927f205-8b93-41ed-acc9-501a09f1d01f,2017年9月份全国彩票销售情况,Add_GMOF_CaiPiao_List,./201710/t20171027_2736071.html
1aa8b014-6839-4f1e-8fed-c9752c9900e0,2017年8月份全国彩票销售情况,Add_GMOF_CaiPiao_List,./201709/t20170921_2706318.html
2aad0f5b-a50e-47c3-bf8b-b0cd70c57cec,2017年7月份全国彩票销售情况,Add_GMOF_CaiPiao_List,./201708/t20170828_2685423.html
4c903a1d-14ca-4884-806f-f5804dfc6f3d,2017年6月份全国彩票销售情况,Add_GMOF_CaiPiao_List,./201707/t20170721_2655260.html
de332f66-9fc6-4416-9384-7f7dd4c7bdb3,2017年5月份全国彩票销售情况,Add_GMOF_CaiPiao_List,./201706/t20170626_2631411.html
8a217b0f-6bef-463c-aa47-6031db933e66,2017年4月份全国彩票销售情况,Add_GMOF_CaiPiao_List,./201705/t20170522_2605946.html
a95f57d3-2e52-4c2a-81de-344bafeb567d,2017年3月份全国彩票销售情况,Add_GMOF_CaiPiao_List,http://www.mof.gov.cn/gp/xxgkml/zhs/201704/t20170419_2583470.html
455936b1-f9ac-4f86-9a92-08e026639567,2017年1月份全国彩票销售情况,Add_GMOF_CaiPiao_List,./201702/t20170224_2541727.html
b964bb9f-ab26-4994-9992-5538c0b9d231,2016年12月份全国彩票销售情况,Add_GMOF_CaiPiao_List,./201701/t20170122_2525205.html
ab96f673-66eb-4afc-a19a-0f3f7c85fc25,2016年11月份全国彩票销售情况,Add_GMOF_CaiPiao_List,./201612/t20161223_2495796.html
9b83335c-7084-446d-8fa7-070c573fe785,2016年10月份全国彩票销售情况,Add_GMOF_CaiPiao_List,./201611/t20161122_2463889.html
4444e493-115a-44c0-b835-f35ed6fa9896,2016年9月份全国彩票销售情况,Add_GMOF_CaiPiao_List,./201610/t20161026_2443487.html
100dc203-1888-466a-98a5-a1fa85efae32,2016年8月份全国彩票销售情况,Add_GMOF_CaiPiao_List,./201609/t20160923_2425590.html
2a60673c-67b4-4340-a60d-c1684412cf55,2016年7月份全国彩票销售情况,Add_GMOF_CaiPiao_List,./201609/t20160920_2423131.html
4b39779f-d3b8-4c34-a15c-3750b6d7cdf5,2016年6月份全国彩票销售情况,Add_GMOF_CaiPiao_List,./201608/t20160802_2370908.html
85151f68-04ff-4e0b-899a-0c562b089cb7,2016年5月份全国彩票销售情况,Add_GMOF_CaiPiao_List,./201607/t20160701_2343966.html
4c9420a6-7be9-4e50-996e-be7fbaa72319,2016年4月份全国彩票销售情况,Add_GMOF_CaiPiao_List,./201605/t20160526_2018647.html
b36b5084-093c-482f-91b6-6bb822b01b57,2016年3月份全国彩票销售情况,Add_GMOF_CaiPiao_List,./201605/t20160525_2015168.html
16512594-e9dd-446e-b8d0-34798e1369e2,2016年2月份全国彩票销售情况,Add_GMOF_CaiPiao_List,./201603/t20160325_1924503.html
1dea8158-3c6e-4e86-a5f5-4c129216902b,2016年1月份全国彩票销售情况,Add_GMOF_CaiPiao_List,./201603/t20160310_1900028.html
97f22271-af88-43c0-8944-4d138ec16422,2015年12月份全国彩票销售情况,Add_GMOF_CaiPiao_List,./201601/t20160121_1652811.html
c7810972-f191-4e3d-90e5-3cca2c744043,2015年11月份全国彩票销售情况,Add_GMOF_CaiPiao_List,./201601/t20160104_1643366.html
91913ad0-dea0-4df1-9f5e-471f4e0254be,2015年10月份全国彩票销售情况,Add_GMOF_CaiPiao_List,./201512/t20151201_1591523.html
b78fbddf-e809-4959-a825-1dca0a89d332,2015年9月份全国彩票销售情况,Add_GMOF_CaiPiao_List,./201511/t20151111_1554671.html
26ba5ced-da38-437a-8b5c-70cabf9b959b,2015年8月份全国彩票销售情况,Add_GMOF_CaiPiao_List,./201509/t20150925_1477078.html
3c989ba9-5804-4cfc-9284-d2d2c8cd2bcf,2015年7月份全国彩票销售情况,Add_GMOF_CaiPiao_List,./201508/t20150824_1432403.html
370214bb-497a-4e3c-b2c3-2dfe2ff7f6e3,2015年6月份全国彩票销售情况,Add_GMOF_CaiPiao_List,./201507/t20150728_1385990.html
8c92ec99-f549-4133-9ae5-8c3111dc1bd9,2015年5月份全国彩票销售情况,Add_GMOF_CaiPiao_List,./201506/t20150630_1263056.html
92fa7397-9549-43ae-84e0-04a66a0748e7,2015年4月份全国彩票销售情况,Add_GMOF_CaiPiao_List,./201506/t20150604_1252161.html
95162958-efc2-4965-8e89-43cf50c4ff82,2015年3月份全国彩票销售情况,Add_GMOF_CaiPiao_List,./201504/t20150421_1219918.html
adcbf6e0-cf80-4545-b5fb-64070be86801,2015年2月份全国彩票销售情况,Add_GMOF_CaiPiao_List,./201503/t20150320_1204851.html
0bdae48a-efb2-4f04-bfd6-f3051a224016,2015年1月份全国彩票销售情况,Add_GMOF_CaiPiao_List,./201703/t20170329_2570551.html
1dc591af-9b6f-40a0-91b5-2adbdc06e0eb,2014年12月份全国彩票销售情况,Add_GMOF_CaiPiao_List,./201501/t20150120_1182027.html
299b5909-932d-477a-98b6-3730f1aea3a3,2014年11月份全国彩票销售情况,Add_GMOF_CaiPiao_List,./201412/t20141216_1167983.html
b8a5a7dc-2ac1-4277-a07c-aafa54862999,2014年10月份全国彩票销售情况,Add_GMOF_CaiPiao_List,./201411/t20141126_1160665.html
c8dd9bab-e0ce-4b1b-84d0-b9e799f9dc94,2014年9月份全国彩票销售情况,Add_GMOF_CaiPiao_List,./201410/t20141022_1153759.html
d94842c9-bba7-4962-b5a1-52d9684627de,2014年8月份全国彩票销售情况,Add_GMOF_CaiPiao_List,./201409/t20140915_1139367.html
884bd499-b654-4214-bb27-2f02cd91b777,2014年7月份全国彩票销售情况,Add_GMOF_CaiPiao_List,./201408/t20140826_1131329.html
a7561400-fdfa-40e4-a12a-27c479809c7c,2014年6月份全国彩票销售情况,Add_GMOF_CaiPiao_List,./201407/t20140714_1112864.html
a53b8a9c-84f6-41a1-9bb1-e9a67fdfed4f,2014年5月份全国彩票销售情况,Add_GMOF_CaiPiao_List,./201406/t20140613_1098851.html
2d89afb4-7bb4-4fa0-9c91-68e6d1db0229,2014年4月份全国彩票销售情况,Add_GMOF_CaiPiao_List,./201405/t20140527_1084467.html
911bb8e2-c452-4ac1-81e1-0f6875a72169,2014年3月份全国彩票销售情况,Add_GMOF_CaiPiao_List,./201404/t20140416_1068234.html
f7cf697e-ff7f-492a-8c3e-8567edfee223,2014年2月份全国彩票销售情况,Add_GMOF_CaiPiao_List,./201403/t20140317_1056050.html
144225e6-db32-469e-a732-2d6cbb406872,2014年1月份全国彩票销售情况,Add_GMOF_CaiPiao_List,../../zhengwuxinxi/zhengcefabu/201402/t20140226_1047207.html
d5ff525d-1417-4882-9929-0df9829f51d8,2013年12月份全国彩票销售情况,Add_GMOF_CaiPiao_List,../../zhengwuxinxi/zhengcefabu/201401/t20140114_1035526.html
1881d666-1adf-4ee6-8f68-5acc88533087,2013年11月份全国彩票销售情况,Add_GMOF_CaiPiao_List,./201312/t20131217_1025917.html
23e041f3-ef62-423c-bba1-f7272673b512,2013年10月份全国彩票销售情况,Add_GMOF_CaiPiao_List,./201311/t20131114_1012079.html
c2cb79e9-1593-4a6b-917c-9c42cfbe4a22,2013年9月份全国彩票销售情况,Add_GMOF_CaiPiao_List,./201310/t20131021_1001153.html
c8a8f032-eb87-470d-bbcb-e1e13ff16618,2013年8月份全国彩票销售情况,Add_GMOF_CaiPiao_List,./201310/t20131008_995784.html
45cde8d9-b161-45ca-85a4-1eb5066c126c,2013年7月份全国彩票销售情况,Add_GMOF_CaiPiao_List,./201308/t20130816_978732.html
51f8d3ef-b2cf-4c5d-8521-ba811e079e92,2013年6月份全国彩票销售情况,Add_GMOF_CaiPiao_List,./201307/t20130711_961505.html
88147afc-1711-4b4f-9669-544dbaad10bb,2013年5月份全国彩票销售情况,Add_GMOF_CaiPiao_List,./201306/t20130613_917758.html
45d576b0-044a-40d5-a648-7d7bd6710b5e,2013年4月份全国彩票销售情况,Add_GMOF_CaiPiao_List,./201305/t20130515_870199.html
231eec17-3b79-47b2-8380-a34939fa1bf8,2013年3月份全国彩票销售情况,Add_GMOF_CaiPiao_List,./201304/t20130415_824890.html
0c20e280-249d-4457-83db-93f62eef5d08,2013年2月份全国彩票销售情况,Add_GMOF_CaiPiao_List,./201303/t20130318_780590.html
003c010f-674c-46cc-be28-b4a0468a94d0,2013年1月份全国彩票销售情况,Add_GMOF_CaiPiao_List,./201302/t20130221_734161.html
165a9257-0ae6-4188-bd21-3b9571285832,2012年12月份全国彩票销售情况,Add_GMOF_CaiPiao_List,./201301/t20130111_727675.html
b209fdfc-d552-43cc-9492-926b71617bfb,2012年11月份全国彩票销售情况,Add_GMOF_CaiPiao_List,./201212/t20121220_718375.html
b6a49500-9f3c-4c06-ad5d-c1e04f1eb821,2012年10月份全国彩票销售情况,Add_GMOF_CaiPiao_List,./201211/t20121120_699807.html
8552aaa3-c10c-4d22-90e5-cb61ae1f512d,2012年9月份全国彩票销售情况,Add_GMOF_CaiPiao_List,./201210/t20121017_688187.html
f9bac9d9-1a35-42c5-ae50-ed9172a7cc39,2012年8月份全国彩票销售情况,Add_GMOF_CaiPiao_List,./201209/t20120921_684112.html
b5a6ebfc-ab8c-4f3b-bfcc-d1803c16f01a,2012年7月份全国彩票销售情况,Add_GMOF_CaiPiao_List,./201208/t20120817_676201.html
489b5cf5-9b58-4f27-ad8b-039816e5cb44,2012年6月份全国彩票销售情况,Add_GMOF_CaiPiao_List,./201207/t20120718_667433.html
47f4d162-3d4a-471f-b3ba-e99a230daf0f,2012年5月份全国彩票销售情况,Add_GMOF_CaiPiao_List,./201206/t20120620_661127.html
f7563f79-bbb8-48f1-9cfc-afda6ae36fa3,2012年4月份全国彩票销售情况,Add_GMOF_CaiPiao_List,./201205/t20120521_652451.html
d5d3c4ef-d7a4-4934-a60f-827247d941a4,2012年3月份全国彩票销售情况,Add_GMOF_CaiPiao_List,./201204/t20120417_643575.html
ad4e4588-d684-413b-8fc8-09c4b9901e78,2012年2月份全国彩票销售情况,Add_GMOF_CaiPiao_List,./201203/t20120327_637990.html
4aa98063-96ef-411e-a48f-33a346b19684,2012年1月份全国彩票销售情况,Add_GMOF_CaiPiao_List,./201202/t20120224_630654.html
5c75c984-a302-40cc-b0f9-46e678a8a9ef,2011年12月份全国彩票销售情况,Add_GMOF_CaiPiao_List,./201201/t20120113_623249.html
bee5ea9b-5ca3-4de0-bec5-f77815b7862c,2011年11月份全国彩票销售情况,Add_GMOF_CaiPiao_List,./201112/t20111221_617870.html
f8f8a29b-1f8d-4ccf-84c5-5cf2b2ea8a10,2011年10月份全国彩票销售情况,Add_GMOF_CaiPiao_List,./201111/t20111122_609392.html
7a2fa511-4075-4975-920a-42ad19107e76,2011年9月份全国彩票销售情况,Add_GMOF_CaiPiao_List,./201110/t20111020_600899.html
78ac16ab-cad9-483a-8004-9e2177ed0c21,2011年8月份全国彩票销售情况,Add_GMOF_CaiPiao_List,./201109/t20110927_596736.html
71e2e3e7-6817-4696-8248-247f8a69c9ec,2011年7月份全国彩票销售情况,Add_GMOF_CaiPiao_List,./201108/t20110829_589371.html
4d3809ca-eee9-4b8f-87b5-0e5f87e65f71,2011年6月份全国彩票销售情况,Add_GMOF_CaiPiao_List,./201107/t20110720_578264.html
2eedf4c3-dc0a-4f8a-a4fa-36f2a10da0f5,2011年5月份全国彩票销售情况,Add_GMOF_CaiPiao_List,./201106/t20110617_562796.html
8addd1c5-38f9-4bd0-becb-ccfe9935d70a,2011年3月份全国彩票销售情况,Add_GMOF_CaiPiao_List,./201104/t20110418_537815.html
5e0861fb-e312-4729-814f-7d97b5994c96,2011年2月份全国彩票销售情况,Add_GMOF_CaiPiao_List,./201103/t20110325_515338.html
b564200d-3686-4ab3-a1ba-cac2fdc5ff68,2011年1月份全国彩票销售情况,Add_GMOF_CaiPiao_List,./201103/t20110303_472169.html
8c1cc949-f823-4720-9205-8d183f16501a,2010年12月份全国彩票销售情况,Add_GMOF_CaiPiao_List,./201101/t20110112_410871.html
04c488e9-cde1-4085-826b-626b689df3f2,2010年11月份全国彩票销售情况,Add_GMOF_CaiPiao_List,./201012/t20101217_376766.html
1d21849e-1e61-4857-869e-51cf8fdaff39,2010年10月份全国彩票销售情况,Add_GMOF_CaiPiao_List,./201011/t20101125_357288.html
16011214-376c-4df0-8b7b-d5734f6068a4,2010年9月份全国彩票销售情况,Add_GMOF_CaiPiao_List,./201010/t20101029_345256.html
5fcc688d-b8fe-4d9d-ac01-60264703fb07,2011年4月份全国彩票销售情况,Add_GMOF_CaiPiao_List,./201105/t20110525_553048.html
ad959430-d1fd-4d2d-a5b1-ffc97aec3a1c,2010年8月份全国彩票销售情况,Add_GMOF_CaiPiao_List,./201009/t20100925_340354.html
dd9e2b98-a523-4581-a3ee-25aa0f7bae91,2010年7月份全国彩票销售情况,Add_GMOF_CaiPiao_List,./201008/t20100830_336272.html
803a18e5-a0b0-422b-afd5-e3d742a68061,2010年6月份全国彩票销售情况,Add_GMOF_CaiPiao_List,./201007/t20100720_328720.html
0b469d06-250f-4bd5-8894-916bce020c2e,2010年5月份全国彩票销售情况,Add_GMOF_CaiPiao_List,./201006/t20100613_322835.html
ad37325c-7183-44a6-a1c3-fb83506fb376,2010年4月份全国彩票销售情况,Add_GMOF_CaiPiao_List,./201005/t20100514_292023.html
7c8f47ea-222e-4fe8-81ca-dfe1a28f6472,2010年3月份全国彩票销售情况,Add_GMOF_CaiPiao_List,./201004/t20100430_290270.html
5a2dd69a-10e3-443f-868d-f0f384fdb986,2010年2月份全国彩票销售情况,Add_GMOF_CaiPiao_List,./201003/t20100330_282191.html
4d5b8ea7-b7b1-4652-9434-0209d4ce929c,2010年1月份全国彩票销售情况,Add_GMOF_CaiPiao_List,./201003/t20100329_281567.html
c40cdbf1-861f-4eab-bfc5-54db11e7a590,2009年12月份全国彩票销售情况,Add_GMOF_CaiPiao_List,./201001/t20100122_262949.html
e009820e-cde5-4f27-a04f-f9fec697cf6e,2009年11月份全国彩票销售情况,Add_GMOF_CaiPiao_List,./200912/t20091230_254338.html
1cc04e29-dd52-4168-81e8-49803db909a2,2009年10月份全国彩票销售情况,Add_GMOF_CaiPiao_List,./200911/t20091127_237538.html
65b9bf9d-78ab-4a44-a146-5dcd2332ea19,2009年9月份全国彩票销售情况,Add_GMOF_CaiPiao_List,./200910/t20091022_222437.html
3b5eab84-f32a-40f0-aa67-7ec180dd9b5f,2009年8月份全国彩票销售情况,Add_GMOF_CaiPiao_List,./200909/t20090927_212890.html
bbfc3af0-c643-4a46-901e-da81ee983409,2009年7月份全国彩票销售情况,Add_GMOF_CaiPiao_List,./200908/t20090825_198336.html
7c94caf3-c5fc-4366-844a-b02c33bc83b2,2009年6月份全国彩票销售情况,Add_GMOF_CaiPiao_List,./200907/t20090729_188276.html
18fa68e5-4714-4142-9aec-eb412aef03b1,2009年5月份全国彩票销售情况,Add_GMOF_CaiPiao_List,./200907/t20090710_181486.html
e566ae17-b067-4516-adea-40f6de1d19fa,2009年4月份全国彩票销售情况,Add_GMOF_CaiPiao_List,./200906/t20090609_165081.html
3363ff25-c270-4c6b-9fcc-223186629a73,2009年3月份全国彩票销售情况,Add_GMOF_CaiPiao_List,./200904/t20090416_133451.html
a2dc983e-e82d-4ee4-a48d-f9a551ded712,2009年2月份全国彩票销售情况,Add_GMOF_CaiPiao_List,./200903/t20090317_123627.html
eb23e57f-b231-4fcc-b832-adf46c7d419b,2009年1月份全国彩票销售情况,Add_GMOF_CaiPiao_List,./200903/t20090302_117923.html
85e70d80-9a11-4595-91ab-cd29c99ef6bb,2008年12月份全国彩票销售情况,Add_GMOF_CaiPiao_List,./200903/t20090302_117922.html
e302f9eb-3439-47c3-b369-372197d02562,2008年11月份全国彩票销售情况,Add_GMOF_CaiPiao_List,./200903/t20090302_117896.html
93526b30-49fd-4974-874f-f79a2fba9512,2008年10月份全国彩票销售情况,Add_GMOF_CaiPiao_List,./200811/t20081127_92827.html
744a7979-ee1e-48f2-a668-1f36b9f47b40,2008年8月份全国彩票销售情况,Add_GMOF_CaiPiao_List,./200809/t20080928_79679.html
